id,release_date,title,publisher,bit_memory,price
1,2001-03-21,F-ZERO FOR GAMEBOY ADVANCE,任天堂,,4800
2,2001-03-21,くるくるくるりん,任天堂,,4800
3,2001-03-21,スーパーマリオアドバンス,任天堂,,4800
4,2001-03-21,ナポレオン,任天堂,,4800
5,2001-03-21,悪魔城ドラキュラ　−Circle of the Moon−,コナミ,,5800
6,2001-03-21,アドバンスGTA,エム・ティー・オー,,4980
7,2001-03-21,EZ-TALK 初級編 1 〜JAYのイングリッシュアドベンチャー〜,キーネット,,6000
8,2001-03-21,EZ-TALK 初級編 2 〜JAYのイングリッシュアドベンチャー〜,キーネット,,6000
9,2001-03-21,EZ-TALK 初級編 3 〜JAYのイングリッシュアドベンチャー〜,キーネット,,6000
10,2001-03-21,EZ-TALK 初級編 4 〜JAYのイングリッシュアドベンチャー〜,キーネット,,6000
11,2001-03-21,EZ-TALK 初級編 5 〜JAYのイングリッシュアドベンチャー〜,キーネット,,6000
12,2001-03-21,EZ-TALK 初級編 6 〜JAYのイングリッシュアドベンチャー〜,キーネット,,6000
13,2001-03-21,ウイニングポスト for ゲームボーイアドバンス,コーエー,,5600
14,2001-03-21,コナミ　ワイワイレーシング　アドバンス,コナミ,,5800
15,2001-03-21,JGTO公認GOLF MASTER JAPAN TOUR GOLF GAME,コナミ,,5800
16,2001-03-21,Jリーグポケット,コナミ,,5800
17,2001-03-21,全日本GT選手権,ケムコ,,5200
18,2001-03-21,チューチューロケット！,セガ,,4800
19,2001-03-21,トゥイティーのハーティーパーティー,ケムコ,,4980
20,2001-03-21,爆熱ドッジボールファイターズ,アトラス,,4980
21,2001-03-21,パワプロクンポケット3,コナミ,,5800
22,2001-03-21,ピノビィーの大冒険,ハドソン,,4800
23,2001-03-21,ファイヤープロレスリング A,スパイク,,5800
24,2001-03-21,プレイノベル サイレントヒル,コナミ,,5800
25,2001-03-21,ぼくは航空管制官,タム,,5800
26,2001-03-21,ミスタードリラー2,ナムコ,,4800
27,2001-03-21,桃太郎まつり,ハドソン,,5200
28,2001-03-21,モンスターガーディアンズ,コナミ,,5800
29,2001-03-21,遊戯王ダンジョンダイスモンスターズ,コナミ,,5800
30,2001-03-21,バトルネットワーク　ロックマン エグゼ,カプコン,,4800
31,2001-04-26,GetBackers奪還屋 〜地獄のスカラムーシュ〜,コナミ,,5800
32,2001-04-26,耽美夢想マイネリーベ,コナミ,,5800
33,2001-04-27,スペースヘキサイト 〜メーテル・レジェンドEX〜,ジョルダン,,5300
34,2001-04-27,ドラえもん　緑の惑星　ドキドキ大救出！,エポック社,,4800
35,2001-04-27,ボンバーマンストーリー,ハドソン,,5200
36,2001-05-25,ファイナルファイトONE,カプコン,,4800
37,2001-06-21,タクティクスオウガ外伝　The Knight of Lodis,任天堂,,4800
38,2001-06-28,トイロボフォース,GAE,,5200
39,2001-06-29,チョロQアドバンス,タカラ,,4800
40,2001-06-29,優駿ラプソディ〜♪,カプコン,,4800
41,2001-07-05,遊戯王デュエルモンスターズ5 エキスパート1,コナミ,,5800
42,2001-07-06,ブレス オブ ファイア　竜の戦士,カプコン,,4800
43,2001-07-12,麻雀刑事,ハドソン,,5200
44,2001-07-12,森田将棋あどばんす,ハドソン,,5800
45,2001-07-13,EXモノポリー,タカラ,,5800
46,2001-07-13,スーパーストリートファイターII X リバイバル,カプコン,,4800
47,2001-07-13,みんなの飼育シリーズ(1)　ぼくのカブト虫,エム・ティー・オー,,5200
48,2001-07-19,風のクロノア 〜夢見る帝国〜,ナムコ,,5300
49,2001-07-21,マリオカートアドバンス,任天堂,,4800
50,2001-07-26,筋肉番付〜金剛くんの大冒険〜,コナミ,,5800
51,2001-07-26,JGTO公認GOLF MASTER モバイル　JAPAN TOUR GOLF GAME,コナミ,,5800
52,2001-07-26,スタコミ　STAR★COMMUNICATOR,コナミ,,5800
53,2001-07-26,モバイルプロ野球　監督の采配,コナミ,,5800
54,2001-07-27,ゼロ・ツアーズ,メディアリング,,5480
55,2001-08-01,黄金の太陽　開かれし封印,任天堂,,4800
56,2001-08-03,ドカポンQ　モンスターハンター！,アスミック・エース・エンタテインメント,,4800
57,2001-08-03,みんなの飼育シリーズ(2)　ぼくのクワガタ,エム・ティー・オー,,5200
58,2001-08-09,ジュラシックパークIII　恐竜にあいにいこう！,コナミ,,5800
59,2001-08-10,極　麻雀デラックス　未来戦士21,アテナ,,5200
60,2001-08-10,スーパーブラックバスアドバンス,スターフィッシュ,,4800
61,2001-08-21,ワリオランドアドバンス　−ヨーキのお宝−,任天堂,,4800
62,2001-08-30,ジュラシックパークIII アドバンスドアクション,コナミ,,5800
63,2001-08-31,高校受験アドバンスシリーズ　英単語編,キーネット,,6800
64,2001-08-31,高校受験アドバンスシリーズ　英熟語編,キーネット,,6800
65,2001-08-31,高校受験アドバンスシリーズ　英語構文編,キーネット,,6800
66,2001-09-07,メダロット・ナビ カブト,ナツメ,,5800
67,2001-09-07,メダロット・ナビ クワガタ,ナツメ,,5800
68,2001-09-07,ラブひなアドバンス　祝福の鐘はなるかな,マーベラスエンターテイメント,,5800
69,2001-09-13,幻想水滸伝　カードストーリーズ,コナミ,,5800
70,2001-09-13,ロボットポンコッツ2　クロスバージョン,ハドソン,,5200
71,2001-09-13,ロボットポンコッツ2　リングバージョン,ハドソン,,5200
72,2001-09-20,FIELD OF NINE DIGITAL EDITION 2001,コナミ,,5800
73,2001-09-21,スーパーロボット大戦A,バンプレスト,,5800
74,2001-09-27,Z.O.E 2173 TESTAMENT,コナミ,,5800
75,2001-09-28,西原理恵子の殿堂麻雀,メディアリング,,4800
76,2001-09-28,信長の野望,コーエー,,6800
77,2001-10-04,ハテナサテナ,ハドソン,,5200
78,2001-10-05,奇々怪界あどばんす,アルトロン,,5200
79,2001-10-12,逆転裁判,カプコン,,4800
80,2001-10-18,みんなでぷよぷよ,セガ,,4800
81,2001-10-19,ハムスター物語2 GBA,カルチャーブレーン,,5800
82,2001-10-19,ハローキティコレクション ミラクルファッションメーカー,イマジニア,,5200
83,2001-10-25,ESPN X Games Skateboarding,コナミ,,5800
84,2001-10-25,なかよし麻雀　かぶリーチ,コナミ,,5800
85,2001-10-25,ヒカルの碁,コナミ,,5800
86,2001-10-26,どこでも対局　役満アドバンス,任天堂,,4800
87,2001-10-26,なかよしペットアドバンスシリーズ① かわいいハムスター,エム・ティー・オー,,5200
88,2001-10-26,ファランクス,コトブキシステム,,4980
89,2001-11-01,ジュラシックパークIII　失われた遺伝子,コナミ,,5800
90,2001-11-15,友情のビクトリーゴール 4V4嵐 GET THE GOAL!!,コナミ,,5800
91,2001-11-22,Adventure of TOKYO Disney SEA,コナミ,,5800
92,2001-11-29,ぐるロジチャンプ,コンパイル,,4980
93,2001-11-30,億万長者ゲーム　のっとり大作戦！,タカラ,,4800
94,2001-11-30,機械化軍隊,ケムコ,,5800
95,2001-11-30,激闘！　カーバトラーGO！！,ビクターインタラクティブソフトウエア,,4800
96,2001-11-30,三國志,コーエー,,6800
97,2001-11-30,ZOIDS SAGA,トミー,,5400
98,2001-12-06,筋肉番付〜決めろ！奇跡の完全制覇〜,コナミ,,5800
99,2001-12-06,爆転シュート ベイブレード　激闘！最強ブレーダー,ハドソン,,5300
100,2001-12-07,マジカルバケーション,任天堂,,4800
101,2001-12-07,アドバンスラリー,エム・ティー・オー,,4980
102,2001-12-07,学校をつくろう！！アドバンス,ビクターインタラクティブソフトウエア,,4800
103,2001-12-07,大戦略　For　ゲームボーイアドバンス,メディアカイト,,4980
104,2001-12-07,ダイヤドロイドワールド −イービル帝国の野望−,エポック社,,5300
105,2001-12-07,ナムコミュージアム,ナムコ,,3800
106,2001-12-07,モンスターファームアドバンス,テクモ,,5800
107,2001-12-07,ワールドアドバンスサッカー　〜勝利への道〜,ハンズオン・エンタテイメント,,5200
108,2001-12-13,コラムスクラウン,セガ,,4800
109,2001-12-13,実況ワールドサッカーポケット,コナミ,,5800
110,2001-12-13,大麻雀。,ホリ,,3800
111,2001-12-14,スーパーマリオアドバンス2,任天堂,,4800
112,2001-12-14,サンサーラナーガ1×2,ビクターインタラクティブソフトウエア,,4980
113,2001-12-14,上海アドバンス,サン電子,,4800
114,2001-12-14,SK8 TONY HAWK’S PRO SKATER2,サクセス,,5800
115,2001-12-14,バトルネットワーク　ロックマン エグゼ 2,カプコン,,4800
116,2001-12-20,ESPN winter X Games Snowboarding 2002,コナミ,,5800
117,2001-12-20,エキサイティングバス,コナミ,,5800
118,2001-12-20,ソニックアドバンス,セガ,,5800
119,2001-12-20,ドラゴンクエスト・キャラクターズ トルネコの大冒険2アドバンス 〜不思議のダンジョン〜,チュンソフト,,5980
120,2001-12-20,遊戯王デュエルモンスターズ6 エキスパート2,コナミ,,5800
121,2001-12-20,烈火の炎〜THE GAME〜,コナミ,,5800
122,2001-12-21,Wizardry SUMMONER,メディアリング,,5800
123,2001-12-21,機動天使エンジェリックレイヤー みさきと夢の天使達,エポック社,,5500
124,2001-12-21,スウィートクッキーパイ,カルチャーブレーン,,4980
125,2001-12-21,スーパーパズルボブルアドバンス,タイトー,,4800
126,2001-12-21,鉄拳アドバンス,ナムコ,,5300
127,2001-12-21,ドナルドダック アドバンス,UBISOFT,,5300
128,2001-12-21,ピンキーモンキータウン,スターフィッシュ,,4800
129,2001-12-21,ブレス オブ ファイア II　−使命の子−,カプコン,,4800
130,2001-12-21,MUTSU　ウォータールーパームツ,トミー,,5200
131,2001-12-28,グランボ,カプコン,,5300
132,2001-12-28,SLOT！PRO アドバンス 〜宝船＆大江戸桜吹雪2〜,日本テレネット,,4800
133,2002-01-01,THE KING OF FIGHTERS EX NEO BLOOD,マーベラスエンターテイメント,,5800
134,2002-01-11,パックマンコレクション,ナムコ,,3800
135,2002-01-17,グラディウス ジェネレーション,コナミ,,5800
136,2002-01-17,スナップキッズ,エニックス,,5980
137,2002-01-24,幽霊屋敷の二十四時間,GAE,,4800
138,2002-01-25,トマトアドベンチャー,任天堂,,4800
139,2002-01-25,GUILTY GEAR X ADVANCE EDITION,サミー,,5800
140,2002-01-31,アニマルマニア　どきどき相性チェック,コナミ,,5800
141,2002-01-31,ハイパースポーツ 2002 WINTER,コナミ,,5800
142,2002-01-31,ハリー・ポッターと賢者の石,Electronic Arts Square,,4800
143,2002-02-07,ボンバーマン マックス2 ボンバーマンバージョン,ハドソン,,4800
144,2002-02-07,ボンバーマン マックス2　マックスバージョン,ハドソン,,4800
145,2002-02-08,BLACK BLACK 〜ブラブラ〜,カプコン,,4800
146,2002-02-14,WTAツアーテニスポケット,コナミ,,5800
147,2002-02-14,メールでキュート,コナミ,,5800
148,2002-02-21,どーもくんの不思議てれび,任天堂,,4800
149,2002-02-21,キャプテン翼　栄光の軌跡,コナミ,,5800
150,2002-02-28,ゴエモン　ニューエイジ出動！,コナミ,,5800
151,2002-02-28,Jリーグポケット2,コナミ,,5800
152,2002-03-01,モンスターズ・インク,トミー,,4800
153,2002-03-08,コロコロパズル　ハッピィパネッチュ！,任天堂,,4800
154,2002-03-08,沈黙の遺跡〜エストポリス外伝〜,タイトー,,5800
155,2002-03-08,ふしぎの国のアンジェリーク,コーエー,,5800
156,2002-03-14,K-1ポケットグランプリ,コナミ,,5800
157,2002-03-15,川のぬし釣り5　〜不思議の森から〜,ビクターインタラクティブソフトウエア,,4800
158,2002-03-20,GROOVE ADVENTURE RAVE 〜光と闇の大決戦〜,コナミ,,5800
159,2002-03-20,パワプロクンポケット4,コナミ,,5800
160,2002-03-21,アンジェリーク,コーエー,,5800
161,2002-03-22,実戦パチスロ必勝法！　獣王アドバンス,サミー,,4800
162,2002-03-22,なかよしペットアドバンスシリーズ② かわいい仔犬,エム・ティー・オー,,4800
163,2002-03-28,一石八鳥 〜これ1本で8種類！〜,コナミ,,5800
164,2002-03-28,神の記述　ILLUSION OF THE EVIL EYES,コナミ,,5800
165,2002-03-28,シャイニング・ソウル,セガ,,5800
166,2002-03-28,妖怪道,フウキ,,4800
167,2002-03-29,ファイアーエムブレム 封印の剣,任天堂,,4800
168,2002-03-29,カエルBバック,角川書店,,5800
169,2002-03-29,新日本プロレスリング闘魂烈伝アドバンス,トミー,,5800
170,2002-03-29,ドラえもん　どこでもウォーカー,エポック社,,4800
171,2002-03-29,ハムスター倶楽部3,ジョルダン,,4800
172,2002-03-29,マジカル封神,コーエー,,5800
173,2002-04-01,ミニモニ。ミカのハッピーモーニングchatty,SMDE,,4800
174,2002-04-11,デンキブロックス！,GAE,,4800
175,2002-04-12,LUNAR 〜LEGEND〜,メディアリング,,5800
176,2002-04-18,人生ゲームアドバンス,タカラ,,4800
177,2002-04-19,黒ひげのくるっとジントリ,トミー,,4800
178,2002-04-19,黒ひげのゴルフしようよ,トミー,,4800
179,2002-04-19,大好きテディ,エム・ティー・オー,,5480
180,2002-04-19,ひつじのキモチ。,カプコン,,4800
181,2002-04-25,ウイ・イレ,コナミ,,5800
182,2002-04-25,テニスの王子様 GENIUS BOYS ACADEMY,コナミ,,4800
183,2002-04-26,アドバンスGT2,エム・ティー・オー,,4800
184,2002-04-26,頭文字D Another Stage,サミー,,5800
185,2002-04-26,おしゃべりインコ倶楽部,アルファユニット,,4800
186,2002-04-26,携帯電獣テレファング2 スピード,スマイルソフト,,5800
187,2002-04-26,携帯電獣テレファング2 パワー,スマイルソフト,,5800
188,2002-04-26,スパイダーマン　ミステリオの脅威,サクセス,,4800
189,2002-04-26,SLOT！PRO 2 アドバンス 〜GOGOジャグラー＆Newタイリョウ〜,日本テレネット,,4800
190,2002-04-26,テトリスワールド,サクセス,,3980
191,2002-04-26,日本プロ麻雀連盟公認 徹萬アドバンス〜免許皆伝シリーズ〜,加賀テック,,4800
192,2002-04-26,ぷくぷく天然かいらんばん,ビクターインタラクティブソフトウエア,,4800
193,2002-04-26,ロックマン ゼロ,カプコン,,4800
194,2002-05-02,コナミアーケードゲームコレクション,コナミ,,4800
195,2002-05-02,フォーメーションサッカー2002,スパイク,,5800
196,2002-05-02,モトクロスマニアックスADVANCE,コナミ,,4800
197,2002-05-24,おしゃれプリンセス,カルチャーブレーン,,4800
198,2002-05-31,とっとこハム太郎3　ラブラブ大冒険でちゅ,任天堂,,4800
199,2002-05-31,トータルサッカー アドバンス,UBISOFT,,4800
200,2002-06-06,キャッスルヴァニア　〜白夜の協奏曲〜,コナミ,,4800
201,2002-06-14,ファミリーテニスアドバンス,ナムコ,,4800
202,2002-06-21,ガチンコプロ野球,ナウプロダクション,,4800
203,2002-06-27,花札　トランプ　麻雀　デパチカ　和洋中,GAE,,3980
204,2002-06-27,爆転シュート ベイブレード2002　いくぜ！爆闘！超磁力バトル！！,ハドソン,,4800
205,2002-06-27,V-RALLY3,Infogrames Japan,,4800
206,2002-06-28,黄金の太陽　失われし時代,任天堂,,4800
207,2002-06-28,かまいたちの夜 ADVANCE,チュンソフト,,4800
208,2002-06-28,かわいいペットショップ物語3,PCCWジャパン,,4800
209,2002-06-28,Natural2-DUO-,オメガ・プロジェクト,,6800
210,2002-06-28,ファミスタアドバンス,ナムコ,,4800
211,2002-07-04,THE PINBALL OF THE DEAD,セガ,,4800
212,2002-07-04,信長異聞,GAE,,5800
213,2002-07-04,モンスターゲート,コナミ,,4800
214,2002-07-04,遊戯王デュエルモンスターズ7 決闘都市伝説,コナミ,,4800
215,2002-07-05,さくらももこのウキウキカーニバル,任天堂,,4800
216,2002-07-05,ハロボッツ ロボヒーローバトリング！！,サンライズインタラクティブ,,5800
217,2002-07-11,はめパネ　東京ミュウミュウ,タカラ,,4800
218,2002-07-18,クラッシュ・バンディクー アドバンス,コナミ,,4800
219,2002-07-18,Disney Sports: Soccer,コナミ,,5800
220,2002-07-18,HIGH HEAT Major League Baseball 2003,タカラ,,4800
221,2002-07-18,ヒカルの碁2,コナミ,,4800
222,2002-07-18,ピノビィー＆フィービィー,ハドソン,,4800
223,2002-07-19,お花屋さん物語GBA いやし系お花屋さん育成ゲーム,TDKコア,,4800
224,2002-07-19,勝負師伝説　哲也　〜甦る伝説〜,アテナ,,5800
225,2002-07-19,ときめき夢シリーズ(1)　お花屋さんになろう！,エム・ティー・オー,,4800
226,2002-07-19,ハムスターパラダイスあどばんちゅ,アトラス,,4800
227,2002-07-19,ファイナルファイヤープロレスリング 〜夢の団体運営！〜,スパイク,,5980
228,2002-07-19,Hot Wheels advance,アルトロン,,4800
229,2002-07-19,超魔界村R,カプコン,,4800
230,2002-07-19,メダロットG カブトバージョン,ナツメ,,4800
231,2002-07-19,メダロットG クワガタバージョン,ナツメ,,4800
232,2002-07-20,アイス・エイジ,UBISOFT,,4800
233,2002-07-25,ゴーストトラップ,Eidos Intaractive,,5800
234,2002-07-25,Disney Sports: American Football,コナミ,,5800
235,2002-07-25,Disney Sports: Skateboarding,コナミ,,5800
236,2002-07-25,バブルボブル OLD＆NEW,メディアカイト,,4800
237,2002-07-26,カスタムロボGX,任天堂,,4800
238,2002-07-26,ガチャステ！ダイナデバイス　ブルー,スマイルソフト,,4800
239,2002-07-26,ガチャステ！ダイナデバイス　レッド,スマイルソフト,,4800
240,2002-07-26,シャーマンキング 超・占事略決2,キングレコード,,4800
241,2002-07-26,Vマスタークロス,サクセス,,5800
242,2002-08-02,スペースインベーダーEX,タイトー,,4200
243,2002-08-02,スーパーロボット大戦R,バンプレスト,,5800
244,2002-08-06,風のクロノアG2 ドリームチャンプ・トーナメント	,ナムコ,,4800
245,2002-08-08,グレイテストナイン,セガ,,5800
246,2002-08-08,コンバットチョロQ　アドバンス大作戦,タカラ,,4800
247,2002-08-08,プロ野球チームをつくろう！アドバンス,セガ,,5800
248,2002-08-09,ミッキーとミニーのマジカルクエスト,任天堂,,4800
249,2002-08-09,なかよしペットアドバンスシリーズ③ かわいい子猫,エム・ティー・オー,,4800
250,2002-08-10,ロックマン＆フォルテ,カプコン,,4800
251,2002-08-23,遙かなる時空の中で,コーエー,,5800
252,2002-08-23,ミスタードリラーエース ふしぎなパクテリア,ナムコ,,4800
253,2002-08-29,姫騎士物語 -PrincessBlue-,東京書籍,,5800
254,2002-08-30,BLACK/MATRIX ZERO,NECインターチャネル,,5800
255,2002-09-05,J.LEAGUE プロサッカークラブをつくろう！アドバンス,セガ,,5800
256,2002-09-06,伝説のスタフィー,任天堂,,4800
257,2002-09-12,ズーキューブ,Acclaim Japan,,4800
258,2002-09-13,ギャラクシーエンジェル ゲームボーイアドバンス 盛りだくさん天使のフルコースおかわり自由,マーベラスエンターテイメント,,5800
259,2002-09-20,スーパーマリオアドバンス3,任天堂,,4800
260,2002-09-20,サムライエボリューション　桜国ガイスト,エニックス,,5980
261,2002-09-26,エアフォースデルタ II,コナミ,,4800
262,2002-09-26,GROOVE ADVENTURE RAVE 〜光と闇の大決戦2〜,コナミ,,5800
263,2002-09-27,エッグマニア つかんで！まわして！どっすんぱず〜る！！,ケムコ,,4800
264,2002-09-27,ストリートファイターZERO3↑,カプコン,,4800
265,2002-09-27,ちょびっツ for GameboyAdvance 〜アタシだけのヒト〜,マーベラスエンターテイメント,,5800
266,2002-09-27,ファンシーポケット,ジョルダン,,4800
267,2002-09-27,メタルガン・スリンガー,アットマーク,,5200
268,2002-10-03,南の海のオデッセイ,GAE,,4800
269,2002-10-04,なかよし幼稚園　すこやか園児育成ゲーム,TDKコア,,4800
270,2002-10-10,Jリーグウイニングイレブンアドバンス 2002,コナミ,,4800
271,2002-10-17,コロッケ！　夢のバンカーサバイバル！,コナミ,,4800
272,2002-10-17,SILENT SCOPE,コナミ,,4800
273,2002-10-18,逆転裁判2,カプコン,,4800
274,2002-10-24,ボンバーマンジェッターズ 〜伝説のボンバーマン〜,ハドソン,,4800
275,2002-10-25,星のカービィ　夢の泉デラックス,任天堂,,4800
276,2002-10-25,カードパーティ,メディアカイト,,3800
277,2002-10-25,テイルズ オブ ザ ワールド なりきりダンジョン2,ナムコ,,4800
278,2002-10-25,デ・ジ・キャラット　でじこミュニケーション,ブロッコリー,,4800
279,2002-10-25,ベストプレープロ野球,エンターブレイン,,5800
280,2002-10-25,MotoGP,エム・ティー・オー,,4800
281,2002-10-25,モンスターファームアドバンス2,テクモ,,5800
282,2002-10-31,シルクとコットン,キキ,,5800
283,2002-10-31,ビーストシューター めざせ闘獣王！,コナミ,,4800
284,2002-11-01,ファンタジックメルヘン ケーキ屋さん物語＋動物キャラナビ占い個性心理学,カルチャーブレーン,,4800
285,2002-11-14,魂斗羅ハードスピリッツ,コナミ,,4800
286,2002-11-14,DAN DOH!! Xi,ゲームビレッジ,,5800
287,2002-11-15,真・女神転生 デビルチルドレン　光の書,アトラス,,4800
288,2002-11-15,真・女神転生 デビルチルドレン　闇の書,アトラス,,4800
289,2002-11-15,スキャンハンター〜千年怪魚を追え！〜,PCCWジャパン,,4800
290,2002-11-15,From TV animation ONE PIECE ナナツ島の大秘宝,バンプレスト,,4800
291,2002-11-21,ポケットモンスター サファイア,任天堂,,4800
292,2002-11-21,ポケットモンスター ルビー,任天堂,,4800
293,2002-11-22,スーパーロボット大戦 ORIGINAL GENERATION,バンプレスト,,5800
294,2002-11-22,ドキドキクッキングシリーズ(1) こむぎちゃんのハッピーケーキ,エム・ティー・オー,,4800
295,2002-11-23,ハリー・ポッターと秘密の部屋,Electronic Arts Square,,4800
296,2002-11-28,K-1ポケットグランプリ2,コナミ,,4800
297,2002-11-28,実況ワールドサッカーポケット2,コナミ,,4800
298,2002-11-28,チョロQアドバンス2,タカラ,,4800
299,2002-11-29,彼岸花,アテナ,,4800
300,2002-11-29,リトルバスターQ,トミー,,4800
301,2002-12-05,バス釣りしようぜ！ 〜トーナメントは戦略だ！〜,コナミ,,4800
302,2002-12-06,くるりんパラダイス,任天堂,,4800
303,2002-12-06,ウッディー・ウッドペッカー クレイジーキャッスル5,ケムコ,,4800
304,2002-12-06,キン肉マンII世 正義超人への道,バンプレスト,,5800
305,2002-12-06,志村けんのバカ殿様 爆笑天下統一ゲーム,TDKコア,,4800
306,2002-12-06,シルバニアファミリー4 めぐる季節のタペストリー,エポック社,,4800
307,2002-12-06,ダービースタリオンアドバンス,エンターブレイン,,5800
308,2002-12-06,トゥームレイダー：プロフェシー,UBISOFT,,4800
309,2002-12-06,爆転シュート ベイブレード2002　激戦！チームバトル！！黄龍の章−ダイチ編−,ハドソン,,3980
310,2002-12-06,爆転シュート ベイブレード2002　激戦！チームバトル！！青龍の章−タカオ編−,ハドソン,,3980
311,2002-12-06,バルダーダッシュEX,ケムコ,,4800
312,2002-12-06,バトルネットワーク　ロックマン エグゼ 3,カプコン,,4800
313,2002-12-06,わたしのメイクサロン,ラディック,,4800
314,2002-12-12,テニスの王子様　Aim at The Victory!,コナミ,,4800
315,2002-12-12,はじめの一歩 THE FIGHTING!,ESP,,5500
316,2002-12-12,ミニモニ。おねがい☆お星さま！,コナミ,,4800
317,2002-12-13,アオ・ゾーラと仲間たち 夢の冒険,エム・ティー・オー,,4800
318,2002-12-13,犬っこ倶楽部 〜福丸の大冒険〜,ジョルダン,,4800
319,2002-12-13,クロノアヒーローズ 伝説のスターメダル,ナムコ,,4800
320,2002-12-13,シャーマンキング 超・占事略決3,キングレコード,,5800
321,2002-12-13,ダライアスR,PCCWジャパン,,4800
322,2002-12-13,チョコボランド A Game Of Dice,スクウェア,,4800
323,2002-12-13,マジャイネーション,エポック社,,4800
324,2002-12-13,モンスターメーカー4　キラーダイス,サクセス,,5800
325,2002-12-13,モンスターメーカー4　フラッシュカード,サクセス,,5800
326,2002-12-19,SEGA RALLY,セガ,,5800
327,2002-12-19,ソニックアドバンス2,セガ,,5800
328,2002-12-19,Disney Sports: BasketBall,コナミ,,5800
329,2002-12-19,ボボボーボ・ボーボボ 奥義87.5爆烈鼻毛真拳,ハドソン,,4800
330,2002-12-19,わがまま☆フェアリー ミルモでポン！ 黄金マラカスの伝説,コナミ,,4800
331,2002-12-20,アクロバットキッズ,メトロ3D,,4800
332,2002-12-20,宇宙大作戦チョコベーダー 〜ウチュウからの侵略者〜,ナムコ,,4800
333,2002-12-20,エレベーターアクション OLD＆NEW,メディアカイト,,4800
334,2002-12-20,おしゃれプリンセス2 ＋ 動物キャラナビ占い個性心理学,カルチャーブレーン,,4800
335,2002-12-20,アントニオ猪木プロデュース　闘魂ヒート,PCCWジャパン,,5800
336,2002-12-20,まんが家デビュー物語 お絵描きソフト＆まんが家育成ゲーム！,TDKコア,,4800
337,2002-12-24,ハムスター物語3 GBA,カルチャーブレーン,,4800
338,2002-12-25,DUAL BLADES,メトロ3D,,4800
339,2002-12-26,スパイロ アドバンス,コナミ,,4800
340,2002-12-27,SAMURAI DEEPER KYO,マーベラスエンターテイメント,,4800
341,2002-12-27,全日本少年サッカー大会2　めざせ日本一！,サクセス,,4800
342,2003-01-01,きせっこぐるみぃ チェスティとぬいぐるみたちの魔法の冒険,エム・ティー・オー,,4800
343,2003-01-01,THE KING OF FIGHTERS EX2 〜HOWLING BLOOD〜,マーベラスエンターテイメント,,5800
344,2003-01-03,エレミックス！,シムス,,4800
345,2003-01-09,不思議の国のアリス,GAE,,4800
346,2003-01-10,ことばのパズル もじぴったんアドバンス,ナムコ,,4800
347,2003-01-16,Disney Sports: Snowboarding,コナミ,,5800
348,2003-01-16,ムゲンボーグ,コナミ,,4800
349,2003-01-23,犬夜叉　奈落の罠！迷いの森の招待状,エイベックス,,4800
350,2003-01-23,パワプロクンポケット5,コナミ,,4800
351,2003-01-24,マリー、エリー＆アニスのアトリエ 〜そよ風からの伝言〜,バンプレスト,,5800
352,2003-02-13,Disney Sports: Motocross,コナミ,,5800
353,2003-02-14,メトロイドフュージョン,任天堂,,4800
354,2003-02-14,FINAL FANTASY TACTICS ADVANCE,スクウェア,,5800
355,2003-02-14,ロード・オブ・ザ・リング／二つの塔,Electronic Arts Square,,4800
356,2003-02-20,テニスの王子様 2003　COOLBLUE,コナミ,,4800
357,2003-02-20,テニスの王子様 2003　PASSIONRED,コナミ,,4800
358,2003-02-21,ロードランナー,サクセス,,4800
359,2003-02-27,戦国革命外伝,コナミ,,4800
360,2003-02-27,ホイッスル！ 第37回東京都中学校総合体育サッカー大会,コナミ,,4800
361,2003-03-07,テイルズ オブ ザ ワールド 〜サモナーズ リネージ〜,ナムコ,,4800
362,2003-03-14,ゼルダの伝説 神々のトライフォース＆4つの剣,任天堂,,4800
363,2003-03-14,ドキドキクッキングシリーズ(2) グルメキッチン〜ステキなお弁当〜,エム・ティー・オー,,4800
364,2003-03-20,激闘伝説ノア　〜ドリームマネージメント〜,ゲームビレッジ,,5800
365,2003-03-20,GetBackers奪還屋 〜メトロポリス奪還作戦！〜,コナミ,,4800
366,2003-03-20,シスタープリンセス〜リピュア〜,マーベラスエンターテイメント,,6800
367,2003-03-20,SIMPLE2960ともだちシリーズ Vol.1 THE テーブルゲームコレクション,ディースリー・パブリッシャー,,2960
368,2003-03-20,SIMPLE2960ともだちシリーズ Vol.2 THE ブロックくずし,ディースリー・パブリッシャー,,2960
369,2003-03-20,遊戯王デュエルモンスターズ8 破滅の大邪神,コナミ,,4800
370,2003-03-21,メイド イン ワリオ,任天堂,,4800
371,2003-03-28,真・女神転生,アトラス,,4800
372,2003-03-28,Dancing Sword−閃光−,エム・ティー・オー,,4800
373,2003-03-28,パズル＆探偵コレクション,カルチャーブレーン,,4800
374,2003-03-28,From TV animation ONE PIECE めざせ！キングオブベリー,バンプレスト,,4800
375,2003-03-28,バトルネットワーク　ロックマン エグゼ 3　BLACK,カプコン,,4800
376,2003-03-29,ドラゴンクエストモンスターズ キャラバンハート,エニックス,,5980
377,2003-04-17,遊戯王デュエルモンスターズ インターナショナル −ワールドワイドエディション−,コナミ,,4800
378,2003-04-18,エンジェルコレクション めざせ！学園のファッションリーダー,エム・ティー・オー,,4800
379,2003-04-18,ZOIDS SAGA II,トミー,,4800
380,2003-04-18,牧場物語 ミネラルタウンのなかまたち,マーベラスインタラクティブ,,4800
381,2003-04-18,メダロット弐CORE カブトバージョン,ナツメ,,4800
382,2003-04-18,メダロット弐CORE クワガタバージョン,ナツメ,,4800
383,2003-04-24,ZERO ONE,フウキ,,5800
384,2003-04-24,HUNTER×HUNTER みんな友だち大作戦！！,コナミ,,4800
385,2003-04-24,冒険遊記プラスターワールド 〜伝説のプラストゲート〜,タカラ,,5800
386,2003-04-24,冒険遊記プラスターワールド 〜プラストオンGP〜,タカラ,,5800
387,2003-04-24,魔法のパンプキン 〜アンとグレッグの大冒険〜,エム・ティー・オー,,4800
388,2003-04-25,ファイアーエムブレム 烈火の剣,任天堂,,4800
389,2003-04-25,あずまんが大王　アドバンス,キングレコード,,5800
390,2003-04-25,RPGツクールアドバンス,エンターブレイン,,5800
391,2003-04-25,サモンナイト クラフトソード物語,バンプレスト,,5800
392,2003-05-01,NARUTO-ナルト-忍術全開！最強忍者大結集,トミー,,4800
393,2003-05-02,ロックマン ゼロ2,カプコン,,4800
394,2003-05-08,キャッスルヴァニア　−暁月の円舞曲−,コナミ,,4800
395,2003-05-23,とっとこハム太郎4　にじいろ大行進でちゅ,任天堂,,4800
396,2003-05-23,ハムスター物語コレクション,カルチャーブレーン,,4800
397,2003-06-05,フロッガー魔法の国の大冒険,コナミ,,4800
398,2003-06-12,モンスターゲート 大いなるダンジョン〜封印のオーブ〜,コナミ,,4800
399,2003-06-20,MOTHER 1+2,任天堂,,4800
400,2003-06-20,メタルマックス2改,ナウプロダクション,,4800
401,2003-06-27,みんなの飼育シリーズ ぼくのカブト・クワガタ,エム・ティー・オー,,4800
402,2003-07-04,ハチエモン,ナムコ,,4800
403,2003-07-11,スーパーマリオアドバンス4,任天堂,,4800
404,2003-07-11,GET！ ボクのムシつかまえて,ケムコ,,4800
405,2003-07-11,なかよしペットアドバンスシリーズ④ かわいい仔犬ミニ 〜わんこと遊ぼう！！〜 小型犬,エム・ティー・オー,,4800
406,2003-07-11,ハムスターパラダイス　ピュアハート,アトラス,,4800
407,2003-07-17,コロッケ！2　闇のバンクとバン女王！,コナミ,,4980
408,2003-07-17,ソニックピンボールパーティー,セガ,,4800
409,2003-07-17,ボクらの太陽 〜太陽アクションRPG〜,コナミ,,4980
410,2003-07-18,CYBERDRIVE ZOIDS 機獣の戦士ヒュウ,トミー,,5800
411,2003-07-18,ドラゴンドライブ　ワールドDブレイク,バンプレスト,,4800
412,2003-07-18,ハムスター倶楽部4〜しげっち大脱走〜,ジョルダン,,4800
413,2003-07-18,ミッキーとミニーのマジカルクエスト2,カプコン,,4800
414,2003-07-19,ジュラシックパーク INSTITUTE TOUR,ロケットカンパニー,,3800
415,2003-07-24,シャイニング・ソウル II,セガ,,5980
416,2003-07-25,Onimusha Tactics,カプコン,,4800
417,2003-07-25,真・女神転生 デビルチルドレン パズルdeコール！,アトラス,,4800
418,2003-07-25,トップギア・ラリーSP,ケムコ,,4800
419,2003-07-25,名探偵コナン 〜狙われた探偵〜,バンプレスト,,4800
420,2003-07-25,わんニャンどうぶつ病院 〜☆動物のお医者さん育成ゲーム☆〜,TDKコア,,4800
421,2003-08-01,ポケモンピンボール　ルビー＆サファイア,任天堂,,4800
422,2003-08-01,アラジン,カプコン,,4800
423,2003-08-01,幻想魔伝最遊記〜叛逆の闘神太子〜,デジタルキッズ,,5800
424,2003-08-01,仔犬といっしょ〜愛情物語〜,カルチャーブレーン,,4800
425,2003-08-01,テイルズ オブ ファンタジア,ナムコ,,4800
426,2003-08-07,デュエル・マスターズ,タカラ,,4800
427,2003-08-07,ボボボーボ・ボーボボ マジで!!?真拳勝負,ハドソン,,4800
428,2003-08-08,スーパーロボット大戦D,バンプレスト,,5800
429,2003-08-08,どうぶつ島のチョビぐるみ,ロケットカンパニー,,4800
430,2003-08-08,ロックマン エグゼ　バトルチップGP,カプコン,,4800
431,2003-08-29,おしゃれプリンセス3,カルチャーブレーン,,4800
432,2003-08-29,新約 聖剣伝説,スクウェア・エニックス,,5800
433,2003-09-04,GetBackers奪還屋 〜邪眼封印！〜,コナミ,,4980
434,2003-09-05,伝説のスタフィー2,任天堂,,4800
435,2003-09-05,おじゃる丸 〜月光町 さんぽでおじゃる〜,エム・ティー・オー,,4800
436,2003-09-05,新きせかえ物語,マーベラスインタラクティブ,,4800
437,2003-09-11,わがまま☆フェアリー ミルモでポン！ 対戦まほうだま,コナミ,,5800
438,2003-09-12,真・女神転生 デビルチルドレン　氷の書,アトラス,,4800
439,2003-09-12,真・女神転生 デビルチルドレン　炎の書,アトラス,,4800
440,2003-09-12,NARUTO-ナルト-木ノ葉戦記,トミー,,4800
441,2003-09-18,探偵学園Q 名探偵はキミだ！,コナミ,,4980
442,2003-09-19,かわいいペット！ゲームギャラリー,カルチャーブレーン,,5800
443,2003-09-26,真・女神転生II,アトラス,,4800
444,2003-09-26,絶体絶命でんぢゃらすじーさん 〜史上最強の土下座〜,キッズステーション,,4800
445,2003-09-26,バトル×バトル〜巨大魚伝説〜,スターフィッシュ,,4800
446,2003-10-09,マーメイドメロディー ぴちぴちピッチ,コナミ,,4980
447,2003-10-16,ボンバーマンジェッターズ ゲームコレクション,ハドソン,,4800
448,2003-10-16,魔探偵ロキ RAGNAROK 〜 幻想のラビリンス 〜,Jウイング,,5800
449,2003-10-24,オリエンタルブルー −青の天外−,ハドソン,,4800
450,2003-10-24,レジェンド オブ ダイナミック 豪翔伝 崩界の輪舞曲,バンプレスト,,5800
451,2003-10-31,みんなのソフトシリーズ　上海,サクセス,,3480
452,2003-10-31,みんなのソフトシリーズ　ZOOO,サクセス,,3480
453,2003-10-31,みんなのソフトシリーズ　みんなの麻雀,エム・ティー・オー,,2980
454,2003-11-01,サンリオピューロランド オールキャラクターズ,トミー,,4800
455,2003-11-13,ハリー・ポッター クィディッチ・ワールドカップ,Electronic Arts,,4800
456,2003-11-14,こいぬちゃんのはじめてのおさんぽ 〜子犬のこころ育成ゲーム〜,TDKコア,,4800
457,2003-11-14,スライムもりもりドラゴンクエスト 衝撃のしっぽ団,スクウェア・エニックス,,5800
458,2003-11-21,マリオ＆ルイージRPG,任天堂,,4800
459,2003-11-21,パズにん〜うみにんのパズルでにむ〜,メトロ3D,,4800
460,2003-11-21,ひょっこりひょうたん島 ドン・ガバチョ大活躍の巻,エム・ティー・オー,,3980
461,2003-11-21,ミッキーとドナルドのマジカルクエスト3,カプコン,,4800
462,2003-11-27,SDガンダム Gジェネレーション アドバンス,バンダイ,,5800
463,2003-11-28,F-ZERO ファルコン伝説,任天堂,,4800
464,2003-11-28,ハムスター物語3EX、4、スペシャル,カルチャーブレーン,,4800
465,2003-11-28,みんなのソフトシリーズ　テトリス アドバンス,サクセス,,3480
466,2003-12-04,あしたのジョー〜まっ赤に燃え上がれ〜,コナミ,,4980
467,2003-12-04,クラッシュ・バンディクー アドバンス2 ぐるぐるさいみん大パニック！？,コナミ,,4980
468,2003-12-04,ソニック バトル,セガ,,4980
469,2003-12-04,パワプロクンポケット6,コナミ,,4980
470,2003-12-04,冒険遊記プラスターワールド 伝説のプラストゲートEX,タカラ,,6800
471,2003-12-04,みんなの王子様,コナミ,,4980
472,2003-12-05,学園戦記 ムリョウ,エム・ティー・オー,,4800
473,2003-12-05,ガチャステ！ダイナデバイス2　ドラゴン,ロケットカンパニー,,4800
474,2003-12-05,ガチャステ！ダイナデバイス2　フェニックス,ロケットカンパニー,,4800
475,2003-12-05,シナモロール　ここにいるよ,イマジニア,,4800
476,2003-12-05,シルバニアファミリー 妖精のステッキとふしぎの木 マロンイヌの女の子,エポック社,,4800
477,2003-12-06,ファインディング・ニモ,ユークス,,4800
478,2003-12-11,ゲゲゲの鬼太郎危機一髪！妖怪列島,コナミ,,4980
479,2003-12-11,コロッケ！3　グラニュー王国の謎,コナミ,,4980
480,2003-12-11,ゴジラ 怪獣大乱闘 アドバンス,ATARI,,4800
481,2003-12-11,わがまま☆フェアリー ミルモでポン！ 8人の時の妖精,コナミ,,6800
482,2003-12-12,スーパードンキーコング,任天堂,,4800
483,2003-12-12,カードキャプターさくら 〜さくらカードdeミニゲーム〜,TDKコア,,4800
484,2003-12-12,金色のガッシュベル!!　うなれ！友情の電撃,バンプレスト,,4800
485,2003-12-12,ピカピカナース物語 〜はつらつナース育成ゲーム〜,TDKコア,,4800
486,2003-12-12,牧場物語 ミネラルタウンのなかまたち for ガール,マーベラスインタラクティブ,,4800
487,2003-12-12,ロックマン エグゼ 4 トーナメントブルームーン,カプコン,,4800
488,2003-12-12,ロックマン エグゼ 4 トーナメントレッドサン,カプコン,,4800
489,2003-12-18,ASTRO BOY 鉄腕アトム アトムハートの秘密,セガ,,4980
490,2003-12-18,SIMPLE2960ともだちシリーズ Vol.3 THE いつでもパズル 〜まっすぐ揃えてストローズ〜,ディースリー・パブリッシャー,,2960
491,2003-12-18,SIMPLE2960ともだちシリーズ Vol.4 THE トランプ 〜みんなで遊べる12種類のトランプゲーム〜,ディースリー・パブリッシャー,,2960
492,2003-12-18,マーメイドメロディー ぴちぴちピッチ ぴちぴちパーティー,コナミ,,4980
493,2003-12-18,メダル オブ オナー アドバンス,Electronic Arts,,4800
494,2003-12-19,お茶犬の部屋,エム・ティー・オー,,3980
495,2003-12-19,わんわん名探偵,カルチャーブレーン,,4800
496,2003-12-30,魔女っ子クリームちゃんのごっこシリーズ(1) わんにゃんアイドル学園,カルチャーブレーン,,4800
497,2004-01-08,ロード・オブ・ザ・リング／王の帰還,Electronic Arts,,4800
498,2004-01-22,ザ・シムズ,Electronic Arts,,4800
499,2004-01-23,逆転裁判3,カプコン,,4800
500,2004-01-29,ポケットモンスター ファイアレッド,任天堂,,4800
501,2004-01-29,ポケットモンスター リーフグリーン,任天堂,,4800
502,2004-02-05,遊戯王デュエルモンスターズ エキスパート3,コナミ,,4800
503,2004-02-11,007　エブリシング オア ナッシング,Electronic Arts,,4800
504,2004-02-12,リリパット王国 〜リリモニといっしょプニ！〜,セガ,,4800
505,2004-02-14,ファミコンミニ 「スーパーマリオブラザーズ」,任天堂,,2000
506,2004-02-14,ファミコンミニ 「ドンキーコング」,任天堂,,2000
507,2004-02-14,ファミコンミニ 「アイスクライマー」,任天堂,,2000
508,2004-02-14,ファミコンミニ 「エキサイトバイク」,任天堂,,2000
509,2004-02-14,ファミコンミニ 「ゼルダの伝説1」,任天堂,,2000
510,2004-02-14,ファミコンミニ 「パックマン」,任天堂,,2000
511,2004-02-14,ファミコンミニ 「ゼビウス」,任天堂,,2000
512,2004-02-14,ファミコンミニ 「マッピー」,任天堂,,2000
513,2004-02-14,ファミコンミニ 「ボンバーマン」,任天堂,,2000
514,2004-02-14,ファミコンミニ 「スターソルジャー」,任天堂,,2000
515,2004-03-04,探偵学園Q 究極トリックに挑め！,コナミ,,4980
516,2004-03-05,おしゃれワンコ,エム・ティー・オー,,4800
517,2004-03-05,対決！ウルトラヒーロー,ジョルダン,,4800
518,2004-03-05,ダウンタウン熱血物語ex,アトラス,,4800
519,2004-03-05,ダブルドラゴン 双載龍 Advance,アトラス,,4800
520,2004-03-11,ワンピース ゴーイングベースボール,バンダイ,,4800
521,2004-03-18,絶体絶命でんぢゃらすじーさん 泣きの1回 〜絶対服従ばいおれんす校長 ワガハイが1番えらいんじゃい！！〜,キッズステーション,,4800
522,2004-03-18,テニスの王子様 2004　Glorious Gold,コナミ,,4980
523,2004-03-18,テニスの王子様 2004　Stylish Silver,コナミ,,4980
524,2004-03-18,デュエル・マスターズ2 〜インビンシブル・アドバンス〜,タカラ,,4800
525,2004-03-18,マーメイドメロディー ぴちぴちピッチ ぴちぴちっとライブスタート！,コナミ,,4980
526,2004-03-18,遊戯王　双六のスゴロク,コナミ,,4980
527,2004-03-25,ボボボーボ・ボーボボ 9極戦士ギャグ融合,ハドソン,,4800
528,2004-03-25,魔女っ子クリームちゃんのごっこシリーズ(2) きせかえエンジェル,カルチャーブレーン,,4800
529,2004-03-26,あかちゃんどうぶつ園,TDKコア,,4800
530,2004-03-26,ドラゴンボールZ　舞空闘劇,バンプレスト,,4800
531,2004-03-26,鋼の錬金術師　迷走の輪舞曲,バンダイ,,4800
532,2004-03-26,ぷくぷく天然かいらんばん −恋のキューピット大作戦−,マーベラスインタラクティブ,,4800
533,2004-03-26,リカちゃんのおしゃれ日記,マーベラスインタラクティブ,,4800
534,2004-04-01,デジモンレーシング,バンダイ,,4800
535,2004-04-01,東京魔人學園符咒封録,マーベラスインタラクティブ,,5800
536,2004-04-09,仔犬といっしょ2 〜愛情物語〜,カルチャーブレーン,,4800
537,2004-04-15,星のカービィ　鏡の大迷宮,任天堂,,4800
538,2004-04-16,クレヨンしんちゃん 嵐を呼ぶ シネマランドの大冒険！,バンプレスト,,4800
539,2004-04-22,マリオゴルフGBAツアー,任天堂,,4800
540,2004-04-22,シレン・モンスターズ ネットサル,チュンソフト,,4800
541,2004-04-23,宇宙のステルヴィア,キングレコード,,5800
542,2004-04-23,カードキャプターさくら −さくらカード編− 〜さくらとカードとおともだち〜,エム・ティー・オー,,4800
543,2004-04-23,Piaキャロットへようこそ！！3.3,NECインターチャネル,,5900
544,2004-04-23,ロックマン ゼロ3,カプコン,,4800
545,2004-04-29,ZERO ONE SP,フウキ,,4800
546,2004-04-29,NARUTO-ナルト-最強忍者大結集2,トミー,,4800
547,2004-04-29,ピューと吹く！ジャガー ビョ〜と出る！メガネくん,コナミ,,4980
548,2004-04-29,ミッキーのポケットリゾート,トミー,,4800
549,2004-04-30,鋼鉄帝国 from HOT・B,スターフィッシュ,,4800
550,2004-05-13,機動戦士ガンダムSEED　友と君と戦場で。,バンダイ,,4800
551,2004-05-21,ファミコンミニ 「マリオブラザーズ」,任天堂,,2000
552,2004-05-21,ファミコンミニ 「クルクルランド」,任天堂,,2000
553,2004-05-21,ファミコンミニ 「バルーンファイト」,任天堂,,2000
554,2004-05-21,ファミコンミニ 「レッキングクルー」,任天堂,,2000
555,2004-05-21,ファミコンミニ 「ドクターマリオ」,任天堂,,2000
556,2004-05-21,ファミコンミニ 「ディグダグ」,任天堂,,2000
557,2004-05-21,ファミコンミニ 「高橋名人の冒険島」,任天堂,,2000
558,2004-05-21,ファミコンミニ 「魔界村」,任天堂,,2000
559,2004-05-21,ファミコンミニ 「ツインビー」,任天堂,,2000
560,2004-05-21,ファミコンミニ 「がんばれゴエモン！からくり道中」,任天堂,,2000
561,2004-05-27,メトロイドゼロミッション,任天堂,,4800
562,2004-05-27,じゃじゃ丸Jr.伝承記 〜ジャレコレもあり候〜,ジャレコ,,4800
563,2004-06-10,マリオvs.ドンキーコング,任天堂,,4800
564,2004-06-17,ソニックアドバンス3,セガ,,4800
565,2004-06-17,フロッガー古代文明のなぞ,コナミ,,4980
566,2004-06-24,スーパーチャイニーズ 1・2 アドバンス,カルチャーブレーン,,4800
567,2004-06-24,ドラゴンクエスト・キャラクターズ トルネコの大冒険3アドバンス 〜不思議のダンジョン〜,スクウェア・エニックス,,5980
568,2004-06-24,BBボール,ミコット・エンド・バサラ,,5800
569,2004-06-25,ワンコでくるりん！ワンクル,エム・ティー・オー,,4800
570,2004-06-26,ハリー・ポッターとアズカバンの囚人,Electronic Arts,,4800
571,2004-07-01,スーパードンキーコング2,任天堂,,4800
572,2004-07-15,とっとこハム太郎 ハムハムスポーツ,任天堂,,4800
573,2004-07-15,かいけつゾロリとまほうのゆうえんち お姫さまをすくえ！,バンダイ,,4800
574,2004-07-15,でじこミュニケーション2 打倒！ブラックゲマゲマ団,ブロッコリー,,5800
575,2004-07-15,モンスターサマナー,アーテイン,,5000
576,2004-07-15,わがまま☆フェアリー ミルモでポン！ 夢のカケラ,コナミ,,4980
577,2004-07-16,金色のガッシュベル!!　魔界のブックマーク,バンプレスト,,4800
578,2004-07-16,絶体絶命でんぢゃらすじーさん痛 〜怒りのおしおきブルース〜,キッズステーション,,4800
579,2004-07-22,学校の怪談〜百妖箱の封印〜,TDKコア,,4800
580,2004-07-22,Get Ride！アムドライバー 閃光のヒーロー誕生！,コナミ,,4980
581,2004-07-22,コロッケ！4　バンクの森の守護神,コナミ,,4980
582,2004-07-22,続・ボクらの太陽 〜太陽少年ジャンゴ〜,コナミ,,4980
583,2004-07-22,デュエル・マスターズ2 切札勝舞Ver.,タカラ,,4800
584,2004-07-22,NARUTO-ナルト- ナルトRPG 〜受けつがれし火の意志〜,トミー,,4800
585,2004-07-22,鋼の錬金術師　想い出の奏鳴曲,バンダイ,,4800
586,2004-07-23,ドラゴンボールZ　THE LEGACY OF GOKU II INTERNATIONAL,バンプレスト,,4800
587,2004-07-24,ぷよぷよフィーバー,セガ,,4800
588,2004-07-29,ドンちゃんパズル 花火でドーン！ アドバンス,アルゼ,,4800
589,2004-07-29,花火百景アドバンス,アルゼ,,4800
590,2004-07-29,パワプロクンポケット1･2,コナミ,,3980
591,2004-07-29,FINAL FANTASY I・II ADVANCE,スクウェア・エニックス,,5800
592,2004-07-29,レジェンズ　甦る試練の島,バンダイ,,5980
593,2004-08-05,伝説のスタフィー3,任天堂,,4800
594,2004-08-05,ウルトラ警備隊　モンスターアタック,ロケットカンパニー,,4800
595,2004-08-05,SDガンダムフォース,バンダイ,,4800
596,2004-08-05,シャイニング・フォース 〜黒き竜の復活〜,セガ,,4800
597,2004-08-05,どうぶつ島のチョビぐるみ2　タマちゃん物語,ロケットカンパニー,,4800
598,2004-08-05,ひまわりどうぶつ病院 〜ペットのお医者さん育成ゲーム〜,TDKコア,,4800
599,2004-08-05,B-伝説！ バトルビーダマン 〜燃えろ！ビー魂！！〜,アトラス,,4800
600,2004-08-06,ロックマン エグゼ 4.5　リアルオペレーション,カプコン,,4800
601,2004-08-10,ファミコンミニ「スーパーマリオブラザーズ2」,任天堂,,2000
602,2004-08-10,ファミコンミニ「謎の村雨城」,任天堂,,2000
603,2004-08-10,ファミコンミニ「メトロイド」,任天堂,,2000
604,2004-08-10,ファミコンミニ「光神話 パルテナの鏡」,任天堂,,2000
605,2004-08-10,ファミコンミニ「リンクの冒険」,任天堂,,2000
606,2004-08-10,ファミコンミニ「ふぁみこんむかし話 新・鬼ヶ島 前後編」,任天堂,,2000
607,2004-08-10,ファミコンミニ「ファミコン探偵倶楽部 消えた後継者 前後編」,任天堂,,2000
608,2004-08-10,ファミコンミニ「ファミコン探偵倶楽部 PART2 うしろに立つ少女 前後編」,任天堂,,2000
609,2004-08-10,ファミコンミニ「悪魔城ドラキュラ」,任天堂,,2000
610,2004-08-10,ファミコンミニ「SDガンダムワールド ガチャポン戦士 スクランブルウォーズ」,任天堂,,2000
611,2004-08-12,ツインシリーズVol.1 「めざせデビュー！ファッションデザイナー物語／かわいいペットゲームギャラリー2」,カルチャーブレーン,,4800
612,2004-08-20,サモンナイト　クラフトソード物語2,バンプレスト,,5800
613,2004-08-26,スーパーマリオボール,任天堂,,4800
614,2004-08-26,クラッシュ・バンディクー 爆走！ニトロカート,コナミ,,4800
615,2004-09-09,ボボボーボ・ボーボボ 爆闘ハジケ大戦,ハドソン,,4800
616,2004-09-16,ポケットモンスター エメラルド,任天堂,,4800
617,2004-09-22,アドバンス ガーディアンヒーローズ,トレジャー,,4800
618,2004-09-22,エンジェルコレクション2 ピチモになろう,エム・ティー・オー,,4800
619,2004-09-22,DAN DOH!! 飛ばせ！ 勝利のスマイルショット！！,タカラ,,4800
620,2004-09-24,みんなのソフトシリーズ　みんなの将棋,サクセス,,3480
621,2004-10-07,ファイアーエムブレム 聖魔の光石,任天堂,,4800
622,2004-10-14,まわる メイド イン ワリオ,任天堂,,4800
623,2004-10-21,F-ZERO クライマックス,任天堂,,4800
624,2004-10-21,戦闘員山田はじめ,キッズステーション,,4800
625,2004-10-22,ツインシリーズVol.2 「おしゃれプリンセス4／スィートハート／恋愛占い大作戦」,カルチャーブレーン,,4380
626,2004-10-28,お茶犬くるりん 〜ほんわかパズルでほっとしよ？〜,エム・ティー・オー,,3980
627,2004-10-28,バトローラーX,バンダイ,,4800
628,2004-10-28,フルーツ村のどうぶつたち,TDKコア,,4800
629,2004-10-28,燃えろ！！ジャレココレクション,ジャレコ,,4800
630,2004-11-04,ゼルダの伝説 ふしぎのぼうし,任天堂,,4800
631,2004-11-04,□いアタマを○くする。アドバンス −漢字・計算−,アイイーインスティテュート,,4800
632,2004-11-04,□いアタマを○くする。アドバンス −国語・算数・社会・理科−,アイイーインスティテュート,,4800
633,2004-11-04,真・女神転生 デビルチルドレン メシアライザー,ロケットカンパニー,,4800
634,2004-11-04,スーパーリアル麻雀　同窓会,ロケットカンパニー,,4800
635,2004-11-11,KINGDOM HEARTS CHAIN OF MEMORIES,スクウェア・エニックス,,5980
636,2004-11-18,学園アリス 〜ドキドキ★不思議たいけん〜,キッズステーション,,4800
637,2004-11-18,ドラゴンボール　アドバンスアドベンチャー,バンプレスト,,4800
638,2004-11-18,メタルスラッグアドバンス,SNKプレイモア,,4800
639,2004-11-19,ファインディング・ニモ　新たなる冒険,ユークス,,4800
640,2004-11-25,ゲームボーイウォーズアドバンス1+2,任天堂,,4800
641,2004-11-25,かわいい仔犬ワンダフル,エム・ティー・オー,,4800
642,2004-11-25,機動戦士ガンダムSEED DESTINY,バンダイ,,4800
643,2004-11-25,忘却の旋律,バンダイ,,5800
644,2004-11-25,Riviera 〜約束の地リヴィエラ〜,スティング,,5800
645,2004-11-26,アレックボードンアドベンチャー タワー＆シャフト アドバンス,アルゼ,,4800
646,2004-12-02,Kiss×Kiss 星鈴学園,バンダイ,,4800
647,2004-12-02,ザ・アーブズ シムズ イン ザ シティ,Electronic Arts,,4800
648,2004-12-02,シナモン　ゆめの大冒険,イマジニア,,4800
649,2004-12-02,シルバニアファミリー ファッションデザイナーになりたい！ くるみリスの女の子,エポック社,,4800
650,2004-12-02,パワプロクンポケット7,コナミ,,4980
651,2004-12-02,Mr.インクレディブル,ディースリー・パブリッシャー,,4800
652,2004-12-09,ヨッシーの万有引力,任天堂,,4800
653,2004-12-09,陰陽大戦記　零式,バンダイ,,4800
654,2004-12-09,クラッシュ・バンディクー アドバンス　わくわく友ダチ大作戦！,Vivendi Universal Games,,4800
655,2004-12-09,ケロロ軍曹 対決！ 激走ケロンプリ大作戦であります！！,サンライズインタラクティブ,,4800
656,2004-12-09,コロッケ！Great　時空の冒険者,コナミ,,4800
657,2004-12-09,スパイロ アドバンス　わくわく友ダチ大作戦！,Vivendi Universal Games,,4800
658,2004-12-09,ハロー！アイドルデビュー 〜キッズアイドル育成ゲーム〜,TDKコア,,4800
659,2004-12-09,ふたりはプリキュア ありえな〜い！夢の園は大迷宮,バンダイ,,4800
660,2004-12-09,ぷくぷく天然かいらんばん ようこそ！イリュージョンランドへ,マーベラスインタラクティブ,,4800
661,2004-12-09,ポケいぬ,アガツマ・エンタテインメント,,4800
662,2004-12-09,ロックマン エグゼ 5　チーム オブ ブルース,カプコン,,4990
663,2004-12-10,ツインシリーズVol.3 「ムシモン王者決定戦 昆虫モンスター／スーパーチャイニーズラビリンス」,カルチャーブレーン,,4800
664,2004-12-10,ツインシリーズVol.4 「ハムハムモンスターEX／ハムスター物語魔法の迷宮1.2.3」,カルチャーブレーン,,4380
665,2004-12-10,ツインシリーズVol.5 「わんわん名探偵EX／魔法の国のケーキ屋さん物語」,カルチャーブレーン,,4380
666,2004-12-10,ツインシリーズVol.6「わんにゃんアイドル学園／仔犬といっしょスペシャル」,カルチャーブレーン,,4380
667,2004-12-16,Get Ride！アムドライバー 出撃！バトルパーティー,コナミ,,4800
668,2004-12-16,絶体絶命でんぢゃらすじーさん3 〜果てしなき魔物語〜,キッズステーション,,4980
669,2004-12-16,ZOIDS SAGA　フューザーズ,トミー,,4800
670,2004-12-16,デュエル・マスターズ3,タカラ,,4800
671,2004-12-16,真型メダロット カブトバージョン,ナツメ,,4800
672,2004-12-16,真型メダロット クワガタバージョン,ナツメ,,4800
673,2004-12-16,リトルパティシエ　ケーキのお城,エム・ティー・オー,,4800
674,2004-12-16,わがまま☆フェアリー ミルモでポン！ 謎のカギと真実のトビラ,コナミ,,4500
675,2004-12-16,わんこ・みっくす 〜ちわんこワールド〜,TDKコア,,4800
676,2004-12-17,かわいいペットゲームギャラリー2,カルチャーブレーン,,3480
677,2004-12-17,ツインシリーズVol.7 「ツインパズル」,カルチャーブレーン,,3480
678,2004-12-22,金色のガッシュベル!!　うなれ！友情の電撃2,バンプレスト,,4800
679,2004-12-22,ロード・オブ・ザ・リング　中つ国第三紀,Electronic Arts,,4800
680,2004-12-23,幻星神ジャスティライザー 装着！地球の戦士たち,コナミ,,4800
681,2004-12-30,遊戯王デュエルモンスターズ インターナショナル2,コナミ,,4800
682,2005-01-06,テイルズ オブ ザ ワールド なりきりダンジョン3,ナムコ,,4800
683,2005-01-13,マリオパーティアドバンス,任天堂,,4800
684,2005-01-14,みんなのソフトシリーズ　ハッピートランプ20,サクセス,,2980
685,2005-01-20,ホビットの冒険  ロード オブ ザ リング はじまりの物語,コナミ,,4800
686,2005-01-20,冒険王ビィト　バスターズロード,バンダイ,,4800
687,2005-01-27,がんばれ！ドッジファイターズ,バンダイ,,4800
688,2005-01-27,三國志英傑伝,コーエー,,4800
689,2005-01-27,三國志孔明伝,コーエー,,4800
690,2005-01-27,探偵 神宮寺三郎　白い影の少女,マーベラスインタラクティブ,,4800
691,2005-02-03,スーパーロボット大戦 ORIGINAL GENERATION2,バンプレスト,,5800
692,2005-02-17,レジェンズ サイン オブ ネクロム,バンダイ,,4980
693,2005-02-21,プレイやん,任天堂,,5000
694,2005-02-24,ロックマン エグゼ 5　チーム オブ カーネル,カプコン,,4990
695,2005-03-10,千年家族,任天堂,,4800
696,2005-03-10,めざせ！甲子園！,タスケ,,4800
697,2005-03-17,カッパの飼い方−HowTo breed kappas− かぁたん大冒険,コナミ,,4800
698,2005-03-24,真・三國無双アドバンス,コーエー,,4800
699,2005-03-24,にゃんにゃんにゃんこのにゃんコレクション,エム・ティー・オー,,3980
700,2005-03-31,シャーク・テイル,タイトー,,4800
701,2005-04-21,傑作選！がんばれゴエモン1・2 ゆき姫とマッギネス,コナミ,,3800
702,2005-04-21,名探偵コナン 暁のモニュメント,バンプレスト,,4800
703,2005-04-21,ロックマン ゼロ4,カプコン,,4990
704,2005-04-28,The Tower SP,任天堂,,4800
705,2005-04-28,お茶犬の夢冒険,エム・ティー・オー,,4200
706,2005-04-28,リラックマなまいにち,イマジニア,,4800
707,2005-04-28,ONE PIECE ドラゴンドリーム！,バンダイ,,4800
708,2005-05-03,昆虫モンスター・バトルスタジアム,カルチャーブレーン,,4800
709,2005-05-03,昆虫モンスター・バトルマスター,カルチャーブレーン,,4800
710,2005-05-19,ぶらぶらドンキー,任天堂,,3800
711,2005-05-19,ファンタジックチルドレン,バンダイ,,4800
712,2005-06-09,魔法先生ネギま！ プライベートレッスン　だめですぅ♥図書館島,マーベラスインタラクティブ,,4800
713,2005-06-16,のののパズルちゃいリアン,任天堂,,3800
714,2005-06-23,甲虫王者ムシキング 〜グレイテストチャンピオンへの道〜,セガ,,4800
715,2005-06-30,メルヘヴン KNOCKIN'ON HEAVEN'S DOOR,コナミ,,4800
716,2005-06-30,桃太郎電鉄G　ゴールド・デッキをつくれ！,ハドソン,,4800
717,2005-07-07,エレメンタルジェレイド〜封印されし謳〜,トミー,,4800
718,2005-07-07,おしゃれプリンセス5,カルチャーブレーン,,4800
719,2005-07-07,レゴ スター・ウォーズ,Eidos,,4800
720,2005-07-21,機動劇団はろ一座　ハロのぷよぷよ,バンダイ,,4800
721,2005-07-21,キム・ポッシブル,ディースリー・パブリッシャー,,4800
722,2005-07-21,BLEACHアドバンス　紅に染まる尸魂界,セガ,,4800
723,2005-07-21,リロ アンド スティッチ,ディースリー・パブリッシャー,,4800
724,2005-07-28,金色のガッシュベル!!　THE CARD BATTLE for GBA,バンプレスト,,4800
725,2005-07-28,新・ボクらの太陽 〜逆襲のサバタ〜,コナミ,,4980
726,2005-07-28,ふたりはプリキュア MaxHeart　マジ？マジ!?ファイト de INじゃない,バンダイ,,4800
727,2005-07-28,ロボッツ,Vivendi Universal Games,,4800
728,2005-08-04,B-伝説！ バトルビーダマン 〜ファイヤースピリッツ 炎魂〜,アトラス,,4800
729,2005-08-11,昆虫の森の大冒険 〜不思議な世界の住人達〜,カルチャーブレーン,,4800
730,2005-08-11,プロ麻雀「兵」GBA,カルチャーブレーン,,3800
731,2005-08-11,マダガスカル,バンダイ,,4800
732,2005-08-25,くにおくん熱血コレクション1,アトラス,,4800
733,2005-09-08,ティム・バートン ナイトメア・ビフォア・クリスマス パンプキン・キング,ディースリー・パブリッシャー,,4800
734,2005-09-08,わがまま☆フェアリー ミルモでポン！ どきどきメモリアルパニック,コナミ,,4800
735,2005-09-13,ドクターマリオ＆パネルでポン,任天堂,,2000
736,2005-09-13,マリオテニス アドバンス,任天堂,,3800
737,2005-09-13,プレイヤン ミクロ,任天堂,,5000
738,2005-09-15,スーパーロボット大戦J,バンプレスト,,5800
739,2005-09-22,スクリューブレイカー　轟振どりるれろ,任天堂,,3800
740,2005-10-06,ガンスタースーパーヒーローズ,セガ,,4800
741,2005-10-13,通勤ヒトフデ,任天堂,,2800
742,2005-10-13,遊戯王デュエルモンスターズGX 〜めざせデュエルキング！〜,コナミ,,4980
743,2005-10-27,くにおくん熱血コレクション2,アトラス,,4800
744,2005-10-27,フロンティア ストーリーズ,マーベラスインタラクティブ,,4800
745,2005-11-03,みらくる！ぱんぞう　7つの星の宇宙海賊,アトラス,,3800
746,2005-11-17,ポケモン不思議のダンジョン 赤の救助隊,任天堂,,4800
747,2005-11-23,ロックマン エグゼ 6　電脳獣グレイガ,カプコン,,4800
748,2005-11-23,ロックマン エグゼ 6　電脳獣ファルザー,カプコン,,4800
749,2005-11-24,金色のガッシュベル!!  友情の電撃 ドリームタッグトーナメント,バンプレスト,,4800
750,2005-12-01,スーパードンキーコング3,任天堂,,3800
751,2005-12-01,シナモン ふわふわ大作戦,ロケットカンパニー,,4800
752,2005-12-08,サモンナイト クラフトソード物語 〜はじまりの石〜,バンプレスト,,4800
753,2005-12-08,シュガシュガルーン ハートがいっぱい！萌黄学園,バンダイ,,4800
754,2005-12-15,チキン・リトル,ディースリー・パブリッシャー,,4800
755,2005-12-15,FINAL FANTASY IV ADVANCE,スクウェア・エニックス,,4800
756,2005-12-22,アニマル横町 〜どき☆どき救出大作戦！の巻〜,コナミ,,4980
757,2005-12-22,お茶犬の冒険島　ほんわか夢のアイランド,エム・ティー・オー,,4200
758,2005-12-22,HiHi! Puffy Ami Yumi 史上最大のワールドツアー！,ディースリー・パブリッシャー,,4800
759,2005-12-22,ハドソンベストコレクション Vol.1 ボンバーマンコレクション,ハドソン,,2800
760,2005-12-22,ハドソンベストコレクション Vol.2 ロードランナーコレクション,ハドソン,,2800
761,2005-12-22,ハドソンベストコレクション Vol.3 アクションコレクション,ハドソン,,2800
762,2005-12-22,ハドソンベストコレクション Vol.4 謎解きコレクション,ハドソン,,2800
763,2006-01-19,ハドソンベストコレクション Vol.5 シューティングコレクション,ハドソン,,2800
764,2006-01-19,ハドソンベストコレクション Vol.6 冒険島コレクション,ハドソン,,2800
765,2006-01-26,ダブルパック ソニックアドバンス＆チューチューロケット！,セガ,,3800
766,2006-01-26,ダブルパック ソニック バトル＆ソニック アドバンス,セガ,,3800
767,2006-01-26,ダブルパック ソニック ピンボール パーティ＆ソニック バトル,セガ,,3800
768,2006-02-09,川のぬし釣り3&4,マーベラスインタラクティブ,,4800
769,2006-02-09,Disney PRESENTS A PIXAR FILM Mr.インクレディブル 〜強敵アンダーマイナー登場〜,セガ,,4800
770,2006-02-16,くにおくん熱血コレクション3,アトラス,,4800
771,2006-02-23,遊戯王デュエルモンスターズ エキスパート2006,コナミ,,4980
772,2006-03-02,うえきの法則　神器炸裂！能力者バトル,バンプレスト,,4800
773,2006-03-03,闘牌伝説「アカギ」 〜闇に舞い降りた天才〜,カルチャーブレーン,,4800
774,2006-03-23,クレヨンしんちゃん 伝説を呼ぶ オマケの都ショックガーン！,バンプレスト,,4800
775,2006-03-23,パワポケダッシュ,コナミ,,4980
776,2006-03-23,魔法先生ネギま！プライベートレッスン2 お邪魔しますぅ パラサイトでチュ〜,マーベラスインタラクティブ,,4800
777,2006-03-23,ユグドラ・ユニオン,スティング,,5800
778,2006-04-06,アイシールド21 DEVILBATS DEVILDAYS,任天堂,,3800
779,2006-04-06,みんなのソフトシリーズ　ナンプレアドバンス,サクセス,,2800
780,2006-04-20,MOTHER3,任天堂,,4800
781,2006-05-18,カルチョビット,任天堂,,3800
782,2006-05-18,アニマル横町 〜どき☆どき 進級試験！の巻〜,コナミデジタルエンタテインメント,,3980
783,2006-07-06,カーズ,THQジャパン,,3800
784,2006-07-13,bit Generations　DIALHEX,任天堂,,2000
785,2006-07-13,bit Generations　dotstream,任天堂,,2000
786,2006-07-13,bit Generations　BOUNDISH,任天堂,,2000
787,2006-07-27,bit Generations　ORBITAL,任天堂,,2000
788,2006-07-27,bit Generations　COLORIS,任天堂,,2000
789,2006-07-27,bit Generations　Soundvoyager,任天堂,,2000
790,2006-07-27,bit Generations　DIGIDRIVE,任天堂,,2000
791,2006-08-03,リズム天国,任天堂,,3800
792,2006-10-12,FINAL FANTASY V ADVANCE,スクウェア・エニックス,,4800
793,2006-11-30,FINAL FANTASY VI ADVANCE,スクウェア・エニックス,,4800
